label...1	cutoff	numotus	tp	tn	fp	fn	sensitivity	specificity	ppv	npv	fdr	accuracy	mcc	f1score	s	h:m:s	max_rss	max_vms	max_uss	max_pss	io_in	io_out	mean_load	label...25	group	nseqs	sobs	shannon	shannon_lci	shannon_hci	invsimpson	invsimpson_lci	invsimpson_hci	num_ref_seqs	num_sample_seqs	num_total_seqs	n_gaps	total_chars	dataset	seed	method	printref	fraction_mapped	sample_frac	ref_frac	ref_weight	ref	region	tool
0.03	0.03	60315	5266950	11375100000	1225310	2835900	0.65	0.9999	0.8113	0.9998	0.8113	0.9996	0.726	0.7217	198.8011	00:03:18	1294.46	1429.52	1292.75	1292.8	0	3.43	0	0.03	NA	851531	60315	6.749182	6.749182	6.749182	64.763864	64.268897	65.266514	43951	175805	219756	84815531	140424084	soil	1	open	f	1	0.8	0.2	simple	NA	NA	mothur
0.03	0.03	12006	5237110	11375100000	1222150	2865740	0.64633	0.999893	0.810792	0.999748	0.810792	0.999641	0.723733	0.71928	160.8663	00:02:40	1274.89	1409.76	1272.88	1272.92	0	0.02	0	0.03	NA	772288	12006	6.038368	6.038368	6.038368	53.273083	52.872207	53.680085	43951	175805	219756	84815531	140424084	soil	1	closed	f	0.628	0.8	0.2	simple	NA	NA	mothur
