label	cutoff	tp	tn	fp	fn	sensitivity	specificity	ppv	npv	fdr	accuracy	mcc	f1score	s	h:m:s	max_rss	max_vms	max_uss	max_pss	io_in	io_out	mean_load	label1	group	nseqs	sobs	npshannon	invsimpson	invsimpson_lci	invsimpson_hci	ref	region	method	printref	tool
0.03	0.03	8118900	19623300000	1921820	4067830	0.666208	0.999902	0.808597	0.999793	0.808597	0.999695	0.73381	0.730529	150.0056	00:02:30	1196.79	1330.07	1194.77	1194.83	525.13	0.06	0	0.03	NA	1001379	57368	6.925963	81.312142	80.728083	81.904714	NA	NA	de_novo	NA	mothur
