label	cutoff	tp	tn	fp	fn	sensitivity	specificity	ppv	npv	fdr	accuracy	mcc	f1score	s	h:m:s	max_rss	max_vms	max_uss	max_pss	io_in	io_out	mean_load	label1	group	nseqs	sobs	npshannon	invsimpson	invsimpson_lci	invsimpson_hci	ref	region	method	printref	tool
0.03	0.03	8325350	24129400000	1974830	4313760	0.658698	0.999918	0.808272	0.999821	0.808272	0.99974	0.729536	0.725859	191.9543	00:03:11	1245.25	1378.53	1243.24	1243.28	0	0.05	0	0.03	NA	1029207	67805	7.093626	85.856626	85.236792	86.48554	NA	NA	de_novo	NA	mothur
