s	h:m:s	max_rss	max_vms	max_uss	max_pss	io_in	io_out	mean_load	label	cutoff	numotus	tp	tn	fp	fn	sensitivity	specificity	ppv	npv	fdr	accuracy	mcc	f1score	label1	group	nseqs	sobs	npshannon	invsimpson	invsimpson_lci	invsimpson_hci	dataset	ref	region	method	fraction_mapped	tool
51.9922	00:00:51	247.1	953.91	245.02	245.04	59.71	0	0	0.03	0.03	67449	2223560	24132200000	999533	10415100	0.1759	1	0.6899	0.9996	0.6899	0.9995	0.3482	0.2804	0.03	NA	1029211	67449	7.668849	172.811265	171.625522	174.013507	soil	NA	NA	de_novo	1	vsearch
76.1255	00:01:16	117.41	751.84	115.45	115.47	0	29.26	0	0.03	0.03	66145	5768270	24127700000	5488210	6870360	0.4564	0.9998	0.5124	0.9997	0.5124	0.9995	0.4834	0.4828	0.03	NA	1029211	66145	7.289033	136.290275	135.479707	137.110601	soil	silva	bact_v4	open	1	vsearch
48.6612	00:00:48	90.82	751.79	88.95	89.37	0	11.88	0	0.03	0.03	7804	5447870	24127800000	5367500	7190760	0.431	0.9998	0.5037	0.9997	0.5037	0.9995	0.4657	0.4646	0.03	NA	823829	7804	6.033632	89.267479	88.75051	89.790505	soil	silva	bact_v4	closed	0.46	vsearch
