s	h:m:s	max_rss	max_vms	max_uss	max_pss	io_in	io_out	mean_load	label	cutoff	numotus	tp	tn	fp	fn	sensitivity	specificity	ppv	npv	fdr	accuracy	mcc	f1score	label1	group	nseqs	sobs	npshannon	invsimpson	invsimpson_lci	invsimpson_hci	dataset	ref	region	method	fraction_mapped	tool
245.8405	00:04:05	1017.09	1615.68	1015	1015.02	1.64	34.86	0	0.03	0.03	68420	4500640	24129300000	3899260	8137990	0.3561	0.9998	0.5358	0.9997	0.5358	0.9995	0.4366	0.4278	0.03	NA	1029211	68420	7.4302	145.900592	144.99027	146.822418	soil	gg	NA	open	1	vsearch
224.2747	00:03:44	1013.52	1624.55	1011.39	1011.41	0	23.13	0	0.03	0.03	12834	4261870	24129400000	3810420	8376760	0.3372	0.9998	0.528	0.9997	0.528	0.9995	0.4217	0.4116	0.03	NA	873199	12834	6.381623	105.181436	104.546009	105.824635	soil	gg	NA	closed	0.518	vsearch
52.311	00:00:52	247.39	954.04	245.3	245.32	0	0	0	0.03	0.03	67449	2223560	24132200000	999533	10415100	0.1759	1	0.6899	0.9996	0.6899	0.9995	0.3482	0.2804	0.03	NA	1029211	67449	7.668849	172.811265	171.625522	174.013507	soil	NA	NA	de_novo	1	vsearch
